About,161
Above,14
Absolutely,621
Abstract,623
Academic,613
Acceptable,614
Access,16
Account,627
Accudrop,13
Achieve,615
Acquisition,628
Action,14
Actual,22
Actually,673
Added,28
Adding,10
Additional,631
Adjust,623
Adjustment,15
Administrator,620
Advice,15
Affect,12
After,104
Afternoon,15
Again,62
Agreement,604
Albert,43
Alexander,611
AlexF,11
Alex_fainshtein,11
Algorithm,703
Algorithms,636
Aligned,603
Alignment,636
Allow,11
Allows,606
Almost,634
Already,655
Although,616
Always,635
Amazon,10
Analysis,602
Analyze,12
Angular,610
Another,662
Answer,621
Answered,592
Antivirus,600
Anybody,12
Anyconnect,587
Anymore,596
Anything,620
Anyway,17
Apheresis,584
Apparently,604
Appear,584
Appears,13
Application,590
Applied,592
Approach,599
Approve,583
Architecture,589
Arguments,577
Around,22
Article,580
Asked,12
Assume,610
Attach,11
Attached,639
Attaching,582
Attend,14
August,582
Author,571
AutoHotKey,14
Automatically,583
Available,607
Average,586
Background,594
Backup,16
Backups,566
Based,28
Bdadministrator,33
Beadless,572
Beads,50
Because,638
Become,13
Before,646
Beginning,15
Behavior,17
Being,20
Belinda,561
Below,32
Better,600
Between,609
Bigger,27
Biking,576
BlackSabbath,37
Bobbi,41
Bodypump,561
Boost,11
Borderline,557
Bottom,22
Branch,579
Bravo,26
Breakage,561
Breaking,554
Bright,559
Brightness,556
Browser,558
Build,35
Button,563
Calculate,554
Calculations,547
Calibur,545
Called,564
Camera,19
Cameras,12
Cannot,647
Carlos,543
Cases,14
Catch,19
Cause,15
Caused,551
Cells,72
CellTherapy,45
Center,560
Change,625
Changed,22
Changes,595
Channel,561
Channels,571
Charge,16
Charged,10
Charging,11
Check,68
Checkboxes,535
Checked,561
Checkin,19
Checking,539
Cheers,540
Chocolate,531
Chorus,37
Chrome,534
Claims,531
Class,18
Classes,544
Classical,13
Clean,12
Click,10
Clinical,528
Clipping,526
Close,23
Closed,10
Cluster,532
Clustering,530
Clusters,10
Coarse,534
Coefficients,526
Coherent,522
Collect,535
Collected,544
Collection,526
Colors,10
Column,525
Coming,548
Command,522
Comment,10
Comments,536
Common,13
Community,516
Company,12
Compare,14
Compared,514
Compensation,27
Compile,513
Completely,12
Computer,583
Computers,23
Concept,510
Conclusion,512
Conference,524
Config,34
Configuration,542
Confirm,23
Confusing,510
Connect,18
Connected,516
Connection,512
Consider,517
Consists,501
Console,525
Constructor,499
Contact,512
Context,17
Control,511
Controls,504
Convert,501
Coordinates,500
Copied,13
Copying,499
Correct,522
Correctly,513
Could,26
Counts,492
Couple,506
Course,531
Coverage,487
Create,520
Created,510
Cumulative,484
Curious,502
Current,516
Currently,511
Cytometer,14
Cytometry,500
Database,22
David,26
Debris,17
Debug,20
Debugger,11
Debugging,489
Decide,18
Decided,12
Decrease,11
Default,504
Define,10
Defined,11
Defines,481
Definitely,486
Definition,484
Deflection,500
Degree,472
Delay,67
Delete,517
Delta,29
Dental,469
Dependencies,470
Depends,475
Derivative,466
Described,473
Describes,468
Description,486
Design,16
Desktop,12
Detachment,468
Details,511
Detection,460
Detects,462
Develop,463
Developer,28
Developers,14
Development,504
Deviation,458
Diagrams,455
Diameter,453
Difference,476
Different,567
Differently,457
Difficult,465
Direct,459
Direction,11
Directly,15
DirectX,478
Discuss,471
Discussed,14
Discussion,26
Display,14
Distance,461
Distribution,459
Doable,445
Document,465
Documents,12
Doing,32
Domain,443
Donations,442
Double,452
Download,27
Dropdelay,439
DropDelay,16
Droplet,439
Droplets,437
Drops,27
During,482
Earlier,13
Editing,441
Edition,437
Editor,12
Effect,14
Effort,439
Either,26
Electron,443
Email,37
Emails,446
Empty,11
Encounter,433
Energy,436
Engineers,12
English,434
Enough,451
Enterprise,426
Environment,16
Equation,437
Equivalent,11
Error,43
Errors,23
Especially,437
Eugene,427
Event,46
Events,455
Everybody,19
Everything,22
Exactly,436
Example,504
Excel,11
Exception,432
Exceptions,425
Expect,424
Expected,18
Experiment,26
Expert,421
Explain,428
Expression,423
FACSuite,441
Factor,416
Failed,442
Failure,432
Fainshtein,431
Fcslab,406
Feature,418
Features,418
Fields,408
Figure,422
Files,110
Filter,30
Finish,414
Finished,407
Firmware,405
First,70
Fixed,36
FixedCells,18
Flavor,398
Floats,397
Florian,396
FlowCell,10
FlowJo,405
Fluorochrome,14
Fluorochromes,409
Folder,454
Folders,11
Follow,14
Following,20
Forgot,408
Format,13
Formatting,394
Former,391
Formula,399
Formulae,389
Forum,16
Forward,401
Found,31
Fractions,10
Frames,388
Framework,14
Friday,18
Function,397
Functionality,19
Further,410
Future,403
Games,29
Garmin,404
Gating,394
General,391
Generic,10
Getting,399
Ghgh56,378
Github,10
Gives,10
Glasses,15
Gmail,18
Going,18
Google,391
Green,12
Ground,378
Group,10
Guess,21
Happen,16
Happened,389
Happens,402
Happy,14
Hardware,374
Having,379
Hebrew,384
Hello,13
Helped,13
Helpful,381
Henry,13
HiAlgo,422
Hialgo,20
HiAlgoBoost,24
Higher,379
Highlighted,18
Hiring,368
Histogram,366
Histograms,366
Historically,365
However,399
Image,27
Images,24
Immediately,367
Implement,23
Implemented,379
Important,392
Include,372
Includes,367
Including,12
Incorrect,377
Increase,383
Increment,10
Indeed,25
Independent,10
Indoctrinated,357
Information,372
Initial,17
Insanity,353
Inside,361
Install,393
Installation,376
Installed,383
Installer,358
Installing,356
Instead,378
Instructions,355
Instrument,426
Instruments,20
Intensity,356
Interest,349
Interested,19
Interesting,380
Intern,341
Internet,11
Interrogation,11
Interval,343
Introduced,342
Intuitively,337
Invention,341
Inverse,336
Invitation,342
Invite,16
Ipconfig,333
Irregularities,332
Isospin,331
Itinerary,330
Itself,347
January,331
Javascript,334
Jure, thanks a lot!
Kindle,330
Knowledge,341
Language,339
Laptop,351
Laser,71
Lasers,11
Later,46
Latest,357
Laurel,321
Lauren,56
Learn,12
Learned,327
Learning,324
Least,26
Leave,10
Leaving,10
Level,15
Liberal,318
Library,319
License,325
Light,11
Likely,10
Linear,321
Lines,17
LIveCells,11
Location,338
Log10,14
Looked,324
Looking,23
Looks,16
Lower,11
Lunch,14
Machine,320
Magnetic,312
Maintenance,309
Makes,11
Making,314
Manager,321
Mandar,11
Manual,334
Manually,325
Maria,18
Matrix,315
Maxima,306
Maximum,311
Maybe,147
Meaning,17
Means,28
Measure,317
Measured,314
Measurements,13
Measuring,304
Median,313
Meeting,369
Melody,340
Memory,12
MengXiang,345
Mention,20
Mentioned,313
Merged,296
Message,336
Messages,316
Method,314
Michael,292
Microsoft,294
Middle,307
Might,16
Minimal,288
Minimum,290
Minutes,309
Missed,12
Missing,299
Mistake,10
Mitchell,282
Model,18
Modified,16
Modify,306
Molecules,292
Moment,312
Monday,295
Monitor,286
Morning,37
Mosaic,17
Moving,294
Msbuild,275
Multiple,25
Myself,296
Narrow,14
Nasy00tfs01,273
Needed,355
Negative,280
Netzero,10
Never,17
Noise,15
Normal,294
Notepad,15
Nothing,283
Notice,13
November,272
Nozzle,286
Nullable,267
Number,316
Numbers,290
Observe,10
Observed,12
October,270
Office,280
Often,12
Oksana,290
Oliver,261
Online,275
OpenCPU,257
Opened,10
Operation,261
Operator,16
Optical,16
Option,277
Options,266
Order,17
Original,270
Oscillation,254
Other,100
Others,11
Outliers,253
Outline,250
Outlook,259
Output,272
Overview,248
Package,254
Packages,248
Parallel,14
Parameter,255
Parameters,265
Particle,251
Particular,247
Password,252
Passwords,241
Patent,241
People,329
Perform,10
Performance,15
Perhaps,14
Person,268
Phase,15
Phoenix,235
Phone,19
Photoelectrons,238
Physics,272
Pictures,14
Pierce,285
PinkFloyd,259
Place,31
Planning,245
Please,351
Plots,32
Plugins,231
Point,34
Points,240
Poisson,231
Polynomial,228
Population,13
Populations,25
Portable,228
Position,281
Positions,245
Positive,12
Possible,259
Poster,233
Predefined,226
Prefer,11
Preliminary,225
Prepared,13
Present,224
Presentation,245
Presented,218
Pretty,15
Prevent,12
Previous,234
Previously,10
Principle,11
Priority,11
Probably,272
Problem,345
Problems,265
Procedure,221
Process,235
Processing,14
Produce,221
Program,221
ProgramData,15
Programming,209
Progress,20
Project,252
Projects,216
Properties,209
Protected,204
Protection,207
Proton,201
Prototype,201
Provide,221
Publication,202
Putting,199
Quantum,23
Question,284
Questions,229
Quickly,12
Quite,26
Quote,17
Rakesh,193
Ramesh,210
Range,39
Rather,22
Rational,196
Reactivity,190
Reading,200
Ready,21
Really,208
Reason,208
Reasonable,10
Received,191
Recording,14
Recursive,185
Refactoring,189
Reference,17
Regedit,185
Region,183
Registers,181
Registry ,180
Reimaging,12
Related,221
Relation,182
Relative,10
Relatively,180
Release,180
Relevant,190
Remember,214
Remove,205
Removed,187
Rename,11
Replace,188
Report,203
Repositories,170
Request,200
Require,183
Required,10
Resharper,171
ReSharper,28
Resolution,192
Resolved,182
Response,16
Restore,167
Result,14
Results,198
Resume,167
Review,232
Right,89
Roslyn,13
Round,3
Running,212
Rybka,10
Sample,228
SampleCheck,10
Samples,203
Samusik,157
Santosh,73
Saving,161
Scale,29
Scatter,167
Schedule,10
Screen,177
Screenshot,15
Screenshots,163
Search,170
Searching,152
Second,192
Section,158
Seems,55
Select,159
Sense,11
Sensitivity,161
Separate,21
Sequence,157
Server,161
Service,194
Sessions,143
Setting,15
Settings,216
Setup,19
Several,151
Shanker,139
Short,28
Should,312
Signal,185
Signature,139
Signed,137
Similar,148
Simple,162
Simplexity,157
Simply,171
Simulation,131
Simulator,175
Since,27
Single,12
Skype,19
Slide,24
Slides,31
Slightly,10
Small,19
Smaller,10
Smoothed,141
Software,156
Solution,164
Solved,127
Somebody,23
Somehow,143
Something,204
Sometimes,150
Sorry,20
Sorted,10
Sorting,26
SortVision,27
Space,11
Specific,145
Specification,120
Spillover,21
Spirit,122
Splash,118
Sprint,12
Stable,2
Stage,31
Standard,128
Standup,24
Start,52
Started,138
Starting,140
Starts,129
Startup,12
State,10
Statistic,117
Statistics,10
Steps,33
Still,67
Story,24
Strange,122
Stream,163
Stretches,112
String,122
Structure,112
Studio,142
Stuff,14
Subfolder,108
Submission,108
Submit,116
Submitted,116
Suggest,129
Suggested,21
Suggestion,16
Suggestions,13
Suggests,107
Summary,18
Sunday,102
Support,127
Supports,99
Supposed,11
SweetSpot,10
SweetspotMonitor,96
Switch,111
Syntax,13
System,142
SystemCheck,19
Table,13
Taking,14
Talked,107
Talking,99
Target,122
Tasks,21
Technical,101
Template,94
Terms,12
Testing,145
Tests,44
Thank,22
Thanks,243
Their,32
Therapy,102
There,247
Therefore,13
These,97
Thing,18
Things,118
Think,85
Thinking,90
Though,91
Thought,111
Thoughtful,81
Thread,91
Three,25
Threshold,122
Through,102
Thursday,11
Tightness,84
Times,21
Today,49
Together,104
Tomorrow,95
Topic,13
Totally,83
Touch,11
Trace,16
Training,82
Transduction,72
Transfer,12
Triangles,71
Tried,19
Tritest,70
Troubleshooting,70
Trying,38
Tuesday,73
Turns,12
Typescript,72
TypingAid,71
Uncertainty,67
Under,21
Understand,129
Understanding,69
Uniform,63
Unless,12
Until,13
Update,135
Updated,95
Updater,62
Updates,14
Updating,11
Urgent,11
Useful,83
Using,50
Usually,20
Vacation,76
Value,23
Values,113
ValueTuple,58
Variable,55
Various,69
Vegan,14
Verification,56
Verify,13
Version,147
Versions,51
Viable,49
Video,10
Violet,53
Visual,85
Voltage,82
Vsspell,45
Waiting,12
Wanted,21
Warface,49
Wavelength,11
Waves,16
Website,60
Wednesday,53
Weight,10
Whatever,51
Where,48
Whether,18
Which,74
While,17
Whole,21
Width,22
Widths,40
Wikipedia,65
Window,78
Windows,65
Windows10,42
Without,29
Wonder,10
Worked,57
Working,105
Works,29
Worries,13
Would,87
Written,33
Wrong,16
Wrote,14
Years,17
Yellow,11
Yesterday,12
Yogita,31
Youtube,16
Yuanmu,131
_delete,26
Больше,21
Будет,23
Вертится,28
Видимо,51
Возможно,14
Время,23
Всего,11
Данных,27
Действительно,14
Делать,11
Долине,25
Долларов,10
Другие,12
Другой,14
Думаю,13
Интервью,4
Интересно,37
Использовать,25
Какие,10
Когда,19
Конечно,18
Которые,34
Коэффициенты,12
Кстати,33
Меньше,10
Минут,2
Много,11
Моему,11
Может,41
Можно,34
Наверное,11
Например,10
Насчет,11
Нашел,11
Неделю,22
Немного,11
Несколько,13
Нибудь,14
Ничего,33
Новость,19
Нужно,18
Обнимаем,12
Опасаюсь,2
Очевидно,10
Очень,41
Память,17
Получил,13
Помню,10
После,11
Потом,22
Похоже,12
Почему,16
Привет,19
Пример,28
Программа,17
Просто,23
Работает,10
Рецессия,2
Рублей,15
Рыбка,29
Сделать,11
Сегодня,28
Сейчас,34
Сильно,14
Симпатичные,14
Случае,10
Совершенно,13
Совсем,14
Солнечной,10
Спасибо,34
Такое,13
Теперь,34
Только,22
Трампа,20
Функции,10
Хорошо,29
Хочешь,16
Чтобы,18
Этого,17