5zsh856,1
7krz820,1
Abilities,3
Ability,4
Abnormally,1
About,15
Abruptly,1
Absolute,4
Absolutely,618
Abstract,615
AbstractSetup,1
Abundances,1
Academic,613
Accelerate,1
Accent,1
Acceptable,612
Acceptance,2
Accepting,1
Access,6
Accessible,3
Accident,1
Accompanied,1
Accomplished,3
According,2
Accordingly,1
Account,616
Accumulated,1
Accuracy,1
Accurate,2
Achieve,614
Acknowledgments,1
Acquire,2
Acquired,3
Acquisition,625
Across,3
Action,9
Actions,2
Activated,3
Active,2
Actively,1
Activity,1
Actual,7
Actually,628
Added,1
AddEllipses1,1
Adding,4
Addition,6
Additional,619
Additions,1
Address,3
Addressed,1
Adjective,2
Adjust,610
Adjusted,3
Adjusting,1
Adjustment,9
Adjustments,2
Adjusts,1
Administrator,612
Admit,1
Advance,3
Advanced,1
Adverb,1
Advice,4
Advise,2
Affect,2
Affected,1
Afford,1
Afshtein,2
After,11
Afternoon,2
Again,4
Against,1
Agreed,1
Agreement,604
Agrees,2
Albert,1
Alexander,603
AlexF,1
AlexFace,2
Alex_fainshtein,3
Algorithm,639
Algorithms,611
Aligned,601
Alignment,603
Allows,599
AllTogether,1
AllUsers,1
Almost,603
Already,615
Although,604
Always,605
Amazed,1
Amazon,2
AmazonSmile,1
Amount,4
Amplifier,1
Amplitude,4
Analysis,595
Analyze,6
Andrew,1
Android,2
Angular,595
Annoying,2
Another,612
Answer,598
Answered,591
Answering,1
Answers,2
Antibodies,1
Antibody,2
Anticipation,2
Antivirus,598
Antony,1
Anybody,3
Anyconnect,587
Anymore,589
Anything,592
Anyway,6
Anywhere,3
Apheresis,584
Apparently,593
Appear,582
Appearance,1
Appears,4
Appendix,3
Applicable,3
Application,585
Applied,590
Applies,1
Applying,2
Appreciated,1
Apprentice,1
Approach,586
Appropriate,1
Approval,1
Approve,578
Approved,3
Approximate,1
Approximately,1
Approximation,1
Architecture,577
Argued,1
Arguments,576
Around,7
Arrays,1
Article,576
Artificial,1
Asking,1
Assay,1
Assume,588
Assumed,1
Assurity,1
Astray,3
ATHelper,1
Attach,8
Attached,600
Attaches,1
Attaching,574
Attachment,1
Attempt,1
Attend,6
Attention,1
Attorney,1
Audience,1
August,571
Author,570
AutoHotKey,14
Automated,2
Automatic,1
Automatically,572
Available,581
Avenatti,4
Average,570
Axeda,1
B1Run1,4
B1Run2,3
B1Run3,3
B2Run1,2
B2Run4,3
Babbling,1
Baboon,1
Backend,7
Background,571
Backlog,2
Backup,3
Backups,565
badSensitivity,1
Baking,1
Bandwidth,1
Barely,1
Based,1
Baseline,6
Batch1,2
Bdadministrator,24
BD_log,1
Beadless,566
Beads,3
Became,2
Because,585
Become,5
Becomes,2
Before,581
Beginner,1
Beginning,3
Behalf,1
Behavior,2
Behind,1
Belinda,561
Below,5
Benjamin,1
Berate,1
Bessel,1
Better,569
Between,573
Bigger,9
Biking,558
Binary,3
Bioganix,3
Biological,2
Biopharm,1
Biosciences,3
Birthday,1
Bishvat,1
BlaBlah,3
BlackSabbath,5
Blind,1
Blisters,1
Blocked,2
Blocks,1
Blood,3
Bloodwork,1
Boastful,1
Bodypump,556
Boombox,1
Boost,1
Borderline,556
Bother,3
Bothered,1
Bottles,3
Bottom,1
Bought,2
Brainstormy,1
Branch,561
Branches,1
Brangelina,1
Brash,1
Brazilian,1
Break,1
Breakage,553
Breaking,552
Bridge,3
Briefly,1
Bright,557
Brightness,551
Brights,1
British,1
Bronze,1
Browser,553
Browsing,1
Brushes,2
Buffer,1
Buffet,1
Build,1
Building,2
Builds,1
Bully,1
Business,1
Buttock,1
Button,553
Buttons,1
Cabrelli,1
Cache,1
Cafeteria,1
Calculate,552
Calculated,1
Calculations,546
Calculator,3
Calendars,1
Calibur,545
California,1
Called,549
Calling,2
Calypso,1
Camera,1
Camino,2
Cancel,4
Canceled,4
Cancels,2
Candidates,1
Cannot,574
Canvas,2
Capital,1
Capitalization,1
Capitalize,3
Capsules,1
Capture,1
Captures,1
Carefully,2
Careless,1
Caremark,1
Carlos,542
Castro,2
Catastrophe,1
Caused,546
Causes,2
Causing,2
Celebrated,1
Cells,16
Center,549
Centrifuging,1
Ceremony,1
Certain,2
Certificate,8
Chain,1
Chains,1
Chairs,1
Challenge,2
Challenged,1
Challenging,1
Chance,5
Chances,2
Change,560
Changed,6
Changes,563
Channel,544
Channels,557
Character,4
Characterizing,1
Charge,3
Charges,1
Charging,2
Cheating,1
Check,4
Checkbox,1
Checkboxes,535
Checked,541
Checkin,4
Checking,534
Checkins,1
Checks,2
Cheers,533
Chernenko,1
Chewing,1
Chocolate,531
Choice,2
Choices,1
Chorus,14
Christopher,1
Chrome,530
Chronological,1
Churning,1
Circle,1
Cites,1
Claims,530
Clarification,1
Clarify,2
Classes,540
Clean,1
Cleanup,1
Clear,1
Clearly,2
Click,1
Clicked,1
Clicking,1
Clicks,3
Client,3
Clients,1
Clinic,1
Clinical,527
Clinique,1
Clipping,526
Close,2
Closed,5
Closer,2
Closes,1
Closest,2
Closing,3
Cluster,527
Clustering,524
Clusters,1
Coaches,1
Coarse,523
CodeOfConduct,1
Coding,2
Coefficients,524
Coherent,521
Collect,526
Collected,529
Collecting,3
Collection,520
Colored,1
Colors,1
Column,520
Combination,2
Combining,3
Combobox,3
Comes,2
Coming,522
Comma,1
Command,521
CommandID,1
Comment,2
Comments,525
Commit,2
Common,2
Communication,2
Community,515
Companies,1
Company,3
Compare,3
Compared,512
Comparing,4
Compatible,1
Compensated,4
Compensation,10
Compilation,3
Compile,513
Compiled,1
Compiling,1
Complain,4
Complaint,1
Completed,4
Completely,1
Complicated,1
Complicating,1
Computer,540
Computers,4
Concentrated,2
Concentration,5
Concept,510
Concern,1
Concerns,1
Conclusion,510
Concrete,1
Conditional,1
Conditions,3
Conference,508
Confidence,2
Confident,1
Confidential,1
Config,10
Configurable,1
Configuration,522
Configurations,1
Configuration_Main,1
Configure,4
Configured,1
Configuring,2
Confirm,5
Confirmation,2
Confirmed,2
Conflict,1
Confused,2
Confuses,1
Confusing,506
Confusion,1
Congratulation,2
Conjugated,2
Connect,6
Connected,505
Connection,508
Connector,1
Consider,506
Consists,501
Consolation,3
Console,504
ConsoleFull,1
Const,1
Constants,1
Constitute,1
Constructive,3
Constructor,499
Consult,1
Consumption,1
Contact,505
Contacted,3
Contain,4
Contains,5
Content,5
Contents,1
Context,5
Continually,1
Continues,3
Contrary,1
Contribute,1
Control,503
Controls,498
Convenient,1
Conversation,3
Conversely,1
Convert,497
Coordinates,494
Copied,6
Copies,2
Copying,494
Correct,504
Corrected,4
Corrections,4
Correctly,495
Correlation,2
Corresponding,1
Correspondingly,3
Corresponds,1
Corrupted,2
CosCallis,1
Could,2
Count,4
Counted,1
Counterpart,1
Counting,1
Counts,491
Couple,495
Course,503
Coverage,487
Covered,1
Crash,1
Create,495
Created,491
CreateWindow,1
Creating,3
Credit,1
Criteria,3
Criticized,1
Cshtml,1
CstUtilities,1
CtSampleCheck,1
Cuesta,2
Cumulative,484
Cupertino,1
Curiosity,1
Curious,497
Current,489
Currently,486
Currying,1
Cynthia,1
CytoData,1
Cytometer,7
Cytometry,484
Dancing,2
Daniels,1
Daring,1
Dashes,1
Database,12
Datacollector,480
David,1
Dealing,2
Debris,11
Debugger,3
Debugging,481
December,1
Decide,3
Decided,6
Decides,2
Decision,1
Declares,1
Decrease,6
Decreased,1
Decreases,2
Dedicated,1
Deductible,1
Default,484
Defect,1
Defective,1
Defender,1
Define,2
Defined,6
Defines,478
Definitely,477
Definition,479
Deflected,1
Deflection,479
Degenerate,1
Degree,471
Delayed,1
Delete,481
Deleted,4
Deletes,2
deleteSQL,1
Deleting,2
Deletion,1
Delta,3
Deltas,3
Democracy,1
Demonstrates,1
Dental,469
Deparse,1
Department,4
Depend,3
Dependencies,470
Dependent,5
Depending,1
Depends,472
Depression,1
Derivation,2
Derivative,466
Describe,2
Described,466
Describes,466
Description,469
Deserve,1
Design,5
Designate,1
Desire,3
Desktop,4
Desmond,1
Destroys,1
Destructive,1
Detach,1
Detachment,468
Detail,2
Detailed,1
Details,470
Detected,1
Detecting,1
Detection,459
Detects,460
Determinant,3
Detract,1
Develop,459
Developer,13
Developers,6
Developing,1
Development,468
Deviation,456
Device,2
Devices,1
Diagrams,454
Dialog,9
Diameter,453
diectoryName,1
Differ,2
Difference,465
Different,494
Differently,454
diffGains,1
Difficult,456
Digest,1
Digging,2
Diluted,8
dilutedCells,3
dilutedLive,1
Dimensionality,2
Dimensions,1
Dimochka,1
Dinner,1
Diofantine,1
Direct,452
Direction,1
Directly,9
DirectX,460
Dirty,1
Disabled,1
Disappear,3
Disappearing,1
Disappears,1
Disappointed,1
Disconnect,2
Discover,1
Discuss,465
Discussed,4
Discussion,10
Disgusting,1
Dishes,3
Display,4
Displayed,1
Displaying,1
Disrupt,1
Distance,447
Distinguish,1
Distribution,448
Divide,2
Doable,443
Doctrine,1
Document,453
Documented,1
Documents,1
Domain,441
Donations,440
Donnell,1
Donor,3
Dosage,2
Double,441
Doubt,1
Doubts,1
Download,7
Downloading,3
Downloads,1
Downtown,1
Dragging,1
Drawing,3
DrawRect,1
Drinks,1
Drive,2
Driver,1
Drivers,2
Dropdelay,438
dropGain,1
Droplet,437
Droplets,436
Dropping,1
Duplicate,6
Duration,1
During,449
Dynode,1
Earlier,4
Easier,2
Easiest,2
Easily,3
Eating,1
Eclipse,7
Edited,1
Editing,436
Edition,434
Education,2
Educational,1
Effect,8
Effects,1
Effort,435
Either,10
Electrical,3
Electricity,1
Electron,431
Electronic,5
Electronics,3
Element,1
Elevated,1
Ellipse,1
Ellipsis,1
Email,4
Emails,437
Emitted,1
Employed,1
Employees,1
Empty,2
Enabled,1
Encounter,430
Encouraged,2
Energy,428
Engage,1
Engaging,1
Engine,1
Engineer,1
English,428
Enhancement,3
Enough,435
Enroll,1
Ensures,1
Enterprise,425
Entries,1
Enumerate,1
Environ,424
Environment,8
Equation,431
Equations,1
Equivalent,7
Erasing,1
Erroneous,1
Error,6
Errors,9
Escalation,2
Escape,1
Especially,429
Established,1
Estimates,3
Estimation,3
Eugene,423
Evening,1
Event,7
EventData,1
Events,436
Eventually,4
Everybody,9
Everything,3
Exactly,425
Example,446
Examples,1
Excellent,1
Except,3
Exception,427
Exceptions,422
Excerpts,1
Exchange,3
Executable,2
Execute,2
Executed,1
Existing,1
Expect,417
Expected,2
Expensive,2
Experience,3
Experiment,14
Experimental,1
Experiments,1
Expert,416
Expertise,1
Explain,419
Explained,2
Explaining,1
Explains,1
Explanation,1
Export,4
Exported,2
Exporting,1
Exports,1
Expose,1
Exposure,3
Express,6
Expression,413
Extended,1
Extension,3
External,1
Extreme,1
F2dlu,1
Facade1,1
FaceDetection,2
Facility,1
Facing,1
FACSChorus,1
FACSMelody,2
FACSuite,429
Factor,410
Factors,1
Failed,419
Failing,2
Fails,1
Failure,415
Failures,6
Fainshtein,411
False,1
Familiar,3
Familiarity,1
Families,1
Farmers,4
Farrah,1
Faulty,1
Fcslab,406
Fearless,1
Feasible,3
Feature,407
Features,404
February,5
Feeling,1
Field,1
Fields,403
Fiery,1
Fighting,1
Figure,404
Figured,1
Figures,3
FileInfo,1
Files,8
Filling,1
Filter,5
Filtering,1
Finalizing,1
Finally,2
Finish,404
Finished,404
Finishes,3
Finkelshtein,1
FireEye,1
Firmware,400
Firsr,1
First,1
Fixed,8
FixedCells,16
Flashes,1
Flavor,398
Flexible,1
Floats,397
Florian,396
FlowJo,399
Fluidics,3
FluidicsConfigProvider,1
Fluorescent,3
Fluorimeter,1
Fluorochrome,8
Fluorochromes,403
Fluorofores,3
Focused,1
Folder,418
Folders,1
Follow,4
Following,6
Forced,3
Forearm,1
Forever,1
Forgets,1
Forgiving,1
Forgot,394
Forked,1
Format,2
Formatted,5
Formatting,393
Former,390
Formula,393
Formulae,389
Formulas,1
Formulate,1
Formulated,1
Forskolin,8
Forthcoming,4
Fortunately,1
Forum,3
Forward,393
Found,3
Fourier,1
Fraction,3
Fractions,1
Frames,386
Framework,6
Frequent,1
Frequently,1
Friction,2
Friday,7
Friends,3
FSCLab,1
Function,390
Functional,1
Functionality,4
Functions,1
Funny,1
Further,389
Future,394
Gabriel,1
Gabrieli,1
Gains,1
Gambling,1
Gamer,1
Games,2
Garbage,1
Garmin,382
Gating,383
General,382
Generate,1
Generator,1
Generic,9
Gesture,1
Getting,386
Ghgh56,378
Github,3
Gives,3
Glitch,1
Going,1
Golden,1
Good1,2
GoodBS,1
Google,379
Googled,5
Googling,3
Gorbatovs,2
Gradually,3
Graphics,4
Gravimetr,1
Great,2
Greeting,1
Ground,376
Guessed,1
Guessing,2
Guests,1
Guiding,1
Guzman,1
g_AlexFDll,1
Handheld,1
Handle,3
Handled,3
Handling,1
Handy,1
Happen,4
Happened,380
Happens,386
Hardware,373
Harness,1
Having,374
Headers,1
Heads,1
Heard,1
Heavily,1
Hebrew,373
Height,1
Helpdesk,1
Helped,2
Helpful,375
Helps,1
Henry,1
Hevanti,2
HiAlgo,381
HiAlgoBoost,5
HiAlgoSwitch,1
Hialgo_boost_v5_0,1
Hidden,7
Higher,371
Highlighted,8
Highly,3
Himself,1
Hiring,367
Histogram,366
Histograms,365
Historically,364
History,1
Hobbies,2
Holdover,1
Holiday,1
Honest,1
HookDll,1
Hopefully,1
Hormone,1
Horse,1
Hospital,2
However,374
Htest,1
Humming,1
Hundred,1
Hungry,2
Hustle,1
Hyper,1
Hypothesis,2
Hypothetically,1
Ideal,1
Ideally,1
Ideas,1
Identical,1
Identification,1
Ignore,3
Ignored,2
IisExpress,5
Illnesses,1
Illuminate,1
Illumination,1
Images,3
Imelda,1
Immediately,364
Imperative,1
Implement,7
Implemented,364
Import,2
Important,366
Impose,2
Impossible,1
Improv,1
Improve,1
Improvements,3
Improvised,1
Incidents,1
Include,365
Included,3
Includes,363
Including,4
Incoherent,1
Incompatibility,1
Incorporated,1
Incorrect,365
Incorrectly,2
Increase,366
Increased,3
Increases,4
Increasing,1
Increment,4
Increments,1
Indeed,5
Independent,9
Index,1
Indication,1
Indicator,1
Indoctrinated,357
Inevitable,1
Infected,4
Infinitely,1
Information,362
Informative,1
Informed,3
Inhomogeneity,2
Initial,7
Initially,3
Inject,3
Injection,1
Injects,1
Input,1
Inquire,1
Insanity,353
Insert,2
Insertion,1
Inset,1
Inside,354
Insist,2
Insisted,1
Inspired,1
Install,373
Installation,363
Installed,358
Installer,349
Installing,350
Instance,1
Instead,358
Instructions,346
Instrument,376
Insurance,1
Intact,1
Integer,1
Integrate,1
Integration,1
Intelligence,1
Intellij,1
Intensity,351
Intentional,2
Intentions,1
Inter,1
Interactive,1
Intercept,1
Interest,348
Interested,7
Interesting,361
Interface,1
Intern,340
Internals,1
International,2
Internet,2
Internship,2
Interval,341
Intervals,1
Interview,7
Interviewing,1
Intranet,1
Intrinsic,4
Introduced,339
IntroToWPF,2
Intuitive,1
Intuitively,337
Inventing,1
Invention,337
Inverse,336
Invertible,1
Invest,1
Investor,1
Invitation,335
Invite,3
Inviting,1
Invoked,1
Involved,1
Ipconfig,333
Irina,1
Irina123,2
Irregularities,332
Irrelevant,1
isnumX2,1
Isospin,331
Israel,3
Israeli,4
Issue,1
Issued,1
Issues,2
IsUserDefined,1
Iteration,1
Iterations,2
Itinerary,330
Itself,333
ITSent,1
Janelle,1
Janice,2
January,330
Javascript,328
Jogging,3
Karaoke,1
Keegan,3
Keeps,1
Kevin,1
Keyboard,2
Keywords,1
Kidding,2
KillAllConnections,1
Killing,1
Kindle,326
Kmeans,1
Knapsack,1
Knowledge,332
Kotlin,1
Krigel,1
LabCorps,2
LaJolla,2
Lamenting,1
Lamictal,4
Lamotrigine,1
Language,334
Laptop,340
Laser,1
Lasers,4
LastName,1
Later,1
Latest,326
Laughs,2
Laurel,321
Lauren,20
Lavali,1
Lawrence,1
Lawsuit,1
Lawyer,1
Layout,4
Layouts,1
Leader,1
League,1
Leaning,1
Learned,322
Learning,322
Least,1
Leaving,4
Lectures,1
Leftover,1
Legend,2
Legends,1
Legitimate,2
Lemuri,1
Length,1
Letters,1
Letting,1
Level,1
Levshevich,1
Liberal,317
Library,317
License,317
Light,1
Lightly,1
Likelihood,1
Likely,6
Limerick,1
Limited,3
Linear,319
Linearity,2
Lines,3
Lingering,1
Linked,2
LinkedIn,1
Linker,1
LinMin,2
Liquid,1
Listbox,1
Listening,1
ListHelper,1
ListOfBackups,1
Little,3
LIveCells,11
Loading,1
Loaner,3
Locally,2
Location,316
Locations,1
LogAlexF,1
Logfile,3
Logging,5
Longer,2
Longing,1
Looked,313
Looking,6
Lookinh,1
Looks,1
Loophole,2
Loudspeaker,2
Lowered,1
Lowest,3
Lympho,1
Lymphocytes,1
Machine,314
Maciej,1
Madame,1
Magnetic,310
Mainly,1
Maintain,1
Maintenance,309
mainWindow,1
Making,310
Manager,313
Managers,1
Mandar,4
Maniac,1
Manual,315
Manually,313
March,1
MarkBo,1
Marked,4
Markers,1
Marybeth,2
Maslik,1
Masons,1
Masses,1
Match_me,1
Materials,1
Mathematical,2
Mathematician,1
Matrimonial,1
Matrimony,1
Matrix,312
Maxima,304
Maximum,304
Maybe,6
McAffee,3
Meaning,7
Meaningful,1
Means,1
Meanwhile,2
Measure,304
Measured,307
Measurements,7
Measuring,302
Mechanism,2
Median,309
Medicare,5
Meeting,326
Melody,302
MelodyUi,3
Memorial,1
Memory,6
MengXiang,308
Mention,6
Mentioned,303
Mentioning,1
MePMGkr6A,1
Merged,293
Merges,1
Merging,3
Message,307
Messages,298
Methinks,1
Method,295
Methods,2
Me_orig,1
Michael,289
Microphone,1
Microsoft,290
Middle,292
Middlebrook,2
Might,3
Milestones,2
Million,1
Ming_TanSee,1
Minimal,287
Minimum,285
Minister,1
Minute,2
Minutes,292
Mismatch,1
Missed,3
Missing,285
Mission,3
Mistake,6
Mistaken,2
Misunderstood,1
Mitchell,282
Mivtza,1
Mixing,2
Mixture,1
Mobile,1
Models,1
Moderate,1
Modes,3
Modest,1
Modified,3
Modifies,1
Modify,290
Molecule,1
Molecules,291
Moment,294
Moments,1
Monday,281
mongoDB,1
Monitor,279
Monitoring,1
Moricons,1
Morning,7
Mortgage,1
Mosaic,2
Mostly,1
Mountain,3
Moved,1
Moves,1
Moving,280
Msbuild,275
Msconfig,2
MSTest,1
Mugdha,1
Multidimensional,3
Multiline,1
Multiple,7
Multiplier,1
Multitask,1
Multitasking,1
Musical,1
myAtt,1
MyFace,1
MyGames,1
Myself,283
Namespace,3
Narrow,2
Nasy00tfs01,273
Native,1
Natural,1
Nature,3
Navigating,1
Nearby,1
Necessarily,1
Needed,300
Neetha,4
Negative,273
Network,2
Netzero,4
Neutrophils,1
newBri,1
Newlyweds,1
newSens,1
Newspaper,1
NewThresholds,1
Ngurnguy123,1
Niagen,1
Nikolay,1
Nirvegali,2
Nitrogent,1
Nobody,1
Noise,6
NoisyBL,2
NoisyPC,1
Nomask,1
Nomination,1
NonCstsamples,1
NonParaboic,1
Nonzero,1
Normal,276
normalizationFactor,1
Normally,3
Norton,1
Notepad,10
Nothing,274
Notice,2
Noticeable,3
Noticed,1
Notification,6
Notified,1
Notify,2
November,269
Nowadays,1
nowSuite,1
Nozzle,270
Nozzle100,2
NozzleDefault,2
NozzleDefault ,1
Npm_install,1
Nudges,1
Nudging,1
Nugging,1
Nullable,267
Number,291
Numbers,272
Numeric,2
Numerical,2
Object,2
Objects,2
Obscure,1
Obscures,1
Observations,1
Observe,5
Observed,4
Observes,1
Obsolete,2
Obviously,1
October,263
Office,266
Official,1
Offset,1
Oksana,279
oldBri,1
oldSens,1
Oliver,260
Online,260
OpenCPU,257
OpenCV,1
Opened,4
Opening,2
Operating,4
Operation,259
Operator,5
Operators,1
Opinion,1
Opportunity,1
Opposite,2
OptConfig,1
Optical,8
OpticalConfig,1
Optics,1
Optimal,3
Optimum,1
Option,259
Optionally,1
Options,257
Order,1
Ordered,3
Orgasm,2
Oriented,1
Origin,1
Original,256
Orig_img,1
Ornelas,2
Orthogonal,1
Oscillation,252
Other,5
Others,2
Otherwise,3
Ourselves,1
Outcomes,3
Outlet,1
Outlier,1
Outliers,251
Outline,250
Outlook,251
Output,253
Overall,2
Overcome,1
Overkill,1
Overlaps,1
Overlay,1
Overview,247
Oxygen,1
Package,252
Packages,246
Pages,1
Painful,2
Painkillers,2
Painter,1
Paladin,2
Paladins,1
Panel,1
Papers,1
Parabolic,1
Paradox,2
Parallel,1
Parameter,246
Parameters,248
Parents,1
Pareto,1
Parking,6
Partially,1
Participate,1
Particle,242
Particular,243
Party,1
Pascal,1
Passcode,1
Passover,1
Passtime,1
Password,242
Passwords,239
Patent,238
Pattern,2
Paying,1
Payment,1
Payments,1
pcNewFailed,1
Pecker,1
Penalized,1
Pending,3
People,268
Percentage,1
Perforce,1
Perform,1
Performance,7
Performing,1
Perhaps,3
Permission,5
Permissions,1
Persists,1
Person,247
Personal,1
Personally,1
Pharmacy,2
Phoenix,235
Photoelectrons,237
Photomultiplier,2
Photos,2
Phoumrin,2
Phrase,1
Phrases,1
Physical,3
Physics,234
Picture,3
Pictures,4
Pierce,244
Piercing,1
PinkFloyd,233
Pinned,2
Pitagoras,1
Place,1
Placed,1
Planned,3
Planning,233
PlateCharge,1
Platform,1
Platter,1
Player,2
Playing,2
Please,264
Plots,1
PlotsLin,1
PlotsLog,1
Plugin,7
Plugins,229
Plumbing,1
Plural,1
Point,1
Pointers,2
Points,228
Poisson,230
Polynomial,225
Populated,1
Populations,12
Portable,226
Portuguese,3
Posing,1
Position,239
Positions,233
Positive,3
Possibility,1
Possible,234
Possibly,3
Postcount,2
Posted,4
Poster,222
Posting,1
Postmortem,1
Postponed,1
Posts,1
Potentially,3
Powerful,1
Practical,2
Practice,3
Predefined,221
Predicting,1
Prefer,9
Prefix,3
Preliminary,220
Prepaid,1
Prepare,1
Prepared,2
Prescription,1
Presence,1
Present,218
Presentation,218
Presented,215
Preserve,3
Preserving,1
President,1
Pressed,2
Pressing,1
Presumably,4
Preteen,1
Pretty,2
Prevent,4
Prevented,1
Preview,7
Previous,219
Previously,3
Prices,1
Principle,3
Printer,1
Printout,1
Prioritized,1
Priority,2
Priors,1
Proactive,1
Probability,3
Probably,230
Problem,260
Problems,227
Procedure,214
Procedures,2
Proceed,3
Process,216
Processes,1
Processing,2
Produce,213
Produced,7
Producing,1
Product,4
Profit,3
Program,208
ProgramData,1
Programmatically,1
Programming,208
Programs,1
Progress,9
Progressing,1
Project,218
Projector,1
Projects,206
Prolific,1
Prominent,1
Promised,1
Promote,1
Promoting,1
Promotions,1
Propagate,1
Proper,4
Properly,2
Properties,205
Proportion,1
Proposal,2
Proposals,1
Propose,4
Proposed,3
Protected,202
Protection,202
Proton,200
Prototype,199
Provide,206
Provided,4
Provides,1
Public,2
Publication,199
Pulled,1
Purpose,3
Putting,199
Python,4
Qijian,1
Quadratic,4
Qualified,2
Quality,2
Quantities,2
Question,233
Questions,208
Quickly,6
Quite,4
QuiteReluctant,1
Quitting,1
Radiation,2
Rainbow,1
Rakesh,193
Ramesh,198
RamnitVirusRemoval,1
RanOut,1
RanOutOf,2
Rarely,1
Rather,4
Rational,193
Reaching,1
Reactivity,190
Reading,195
ReadMe,1
Ready,1
Reagents,1
Reality,1
Realized,2
Really,192
Rearranged,1
Reason,192
Reasonable,8
Reasons,3
Rebooted,1
Rebuild,3
Recall,2
Recalled,1
Received,187
Recent,4
Recently,4
Recollections,1
Recommended,3
RecomputeMatches,1
Reconnect,2
Recording,8
Recordings,2
Rectangle,1
Rectangular,6
rectCharge,1
Recursive,185
Redirect,1
Reduction,1
Reeta,2
Refactoring,188
Reference,6
Refine,1
Refined,3
Refinement,4
Refresh,5
Refreshed,1
Refuses,1
Refuted,1
Regards,3
Regedit,184
Region,182
Registers,181
Registry ,180
Regress,1
Regression,3
Regular,1
Reimage,1
Reimaged,1
Reimaging,11
Reinstall,2
Reinstalling,3
Reject,2
Rejection,1
Relate,1
Related,190
Relation,181
Relative,8
Relatively,179
Relatives,2
Relativity,1
Release,178
ReleaseDebug,1
Releases,1
Releasing,1
Relevant,179
Reliable,1
Reload,1
Reloaded,2
Reloading,1
Reluctant,1
Remainders,1
Remained,1
Remaining,1
Remains,1
Remarks,1
Remember,183
Remembers,2
Reminder,1
Removal,1
Remove,178
Removed,181
Removing,1
Rename,3
Rental,1
Reopen,2
Reordered,1
Repeat,1
Repeated,2
Repeatedly,1
Repeating,2
Replace,175
Replaced,3
Replacement,1
Replacing,1
Reply,1
Report,185
Reported,1
Reports,1
Repositories,170
Represents,1
Reproduce,1
Reproduced,1
Request,179
Requested,4
Requesting,1
Require,174
Required,5
Requires,1
Reschedule,2
ResearchGate,1
Reserved,1
Resets,1
Resharper,167
Resides,1
Residuals,2
Resolution,175
Resolve,2
Resolved,169
Resolving,3
Resources,1
Respect,3
Respond,3
Responded,3
Responding,1
Response,9
Restart,1
Restarting,1
Restaurant,3
RestlessBandit,1
Restore,164
Restored,2
Restrict,1
Restriction,3
Result,10
Results,173
Resume,165
Resumes,1
Resurrecting,1
Resveratrol,3
Retirement,1
Retrieve,1
Retro,1
Return,3
Returned,1
Reusable,1
Reverse,1
Review,185
Reviewed,1
Revoke,1
Rhymes,1
Right,5
Rightly,1
Rights,1
Rivermark,1
Robust,2
Rochell,1
Rolling,1
RStudio,1
Rtr1f3,1
Running,179
Russian,1
Rybka,1
Sabbath,1
Sacrifice,1
Safely,1
Salary,1
Samovar,1
Sample,195
SampleAcquisition,1
Samples,179
Samusik,157
Sanity,1
Santosh,6
Satisfaction,1
Satisfied,1
Saturated,3
Saturation,1
Saturday,1
Saving,157
Saying,3
Scaling,2
Scatter,159
Scene,2
Schedule,6
Scheduled,3
Scherbak,2
Schrodinger,1
Scientific,1
Scratch,1
Screen,159
Screenshot,2
Screenshots,157
Script,3
Scripts,1
Scroll,1
Search,155
Searched,1
Searching,152
Second,164
Seconds,4
Section,152
Secure,1
Security,3
Sedentary,1
Seeing,1
Seems,6
Seethe,1
Select,150
Selected,3
SelectedFCS,1
Selecting,2
Selection,1
SendDataMessage,1
Sending,1
Senior,1
Sensitive,2
Sensitivity,159
Sentec,1
Separate,8
Separately,2
Separation,2
September,1
Sequence,156
Sequences,1
Serious,1
Server,154
Service,150
Session,2
Sessions,143
Setting,5
Settings,169
Setup,1
SetupEngine,1
SetupV2,3
Several,143
Severe,3
Shalom,2
Shanker,139
Shaped,3
Shared,1
Sheath,4
SheathPrfessure,1
Shelves,1
Shelveset,1
Shifting,1
shiftLeft,1
Shifts,1
Shopping,2
Short,2
Shortcuts,2
Shorter,1
Should,193
Showed,1
Shows,2
Signal,154
Signature,136
Signed,136
Significant,1
Significantly,4
Similar,138
Simona,1
Simple,139
Simpler,3
Simplexity,142
Simply,147
Simulation,131
Simulator,149
Simulator_1,1
simulator_CT,1
simulator_Main,1
Simultaneously,1
Since,2
Sincerely,3
Sinclair,1
Singing,1
Single,3
Sites,1
Situation,1
Skills,1
Skimming,1
Skipped,1
Skripal,1
Skyrim,1
Sleepy,2
Slide,5
Sliders,1
Slides,8
Slightly,2
Slowly,1
Small,1
Smaller,5
Smallest,1
Smartphone,1
Smoking,1
Smoothed,128
Smoothing,1
Snacks,1
Snapshots,1
Social,1
Software,135
SoloLearn,1
Soluble,1
Solution,140
Solutions,3
Solved,125
Solves,1
Solving,1
Somebody,9
Somehow,127
Something,149
Sometimes,129
Somewhat,1
Somewhere,1
Sophisticated,1
Sorting,3
SortVision,6
Sounds,2
Source,1
Sources,1
Spasibo,1
Speaks,2
Spearman,1
Special,3
Specially,1
Specific,129
Specifically,1
Specification,120
Specified,1
Specify,2
Spectra,2
Spectral,7
Spectrum,5
Spellcheck,1
Spellchecker,1
Spikes,1
Spillover,1
Spills,1
Spirit,119
Splash,118
Splitting,1
Spoken,1
Sporadic,1
Sprint,5
Sprints,1
Sqlite,1
Square,5
Sridhar,1
Stabilizer,1
Stack,1
Stage,2
Stakeholders,1
Stamina,1
Stamped,1
Standard,122
Stands,1
Standup,2
Starlet,1
Start,3
Started,123
Starting,130
Starts,120
StartSample,1
Startup,8
Stated,1
Statement,3
Statements,2
StatET,2
Static,2
Statistic,117
Statistics,7
Steaks,1
Steal,1
Stepping,1
Steps,1
Still,5
Stopped,4
Stopping,1
Storage,2
Stored,2
Stories,1
Story175,2
Strage,1
Strange,114
Strato,1
StratoEnergetics,1
Stream,117
Street,2
Strength,1
Stretch,2
Stretches,112
Strict,1
String,118
Strings,3
Strong,2
Strongly,3
Structs,1
Structure,111
Structures,1
Studied,1
Studio,117
Subfolder,106
Subfolders,1
Submission,106
Submit,106
Submitted,104
Submitting,1
Subscribed,1
Substantial,3
Substitute,1
Subtle,3
Succeed,3
Succeeded,3
Successfully,2
Suddenly,1
Suffer,1
Suffered,1
Suggest,110
Suggested,5
Suggestion,5
Suggestions,6
Suggests,102
Summarize,1
Summary,11
Summer,3
Sunday,100
Supefast,1
Super,1
Supplement,2
Supplemental,1
Supplier,1
Support,107
Supported,1
Supports,97
Suppose,3
Supposed,4
Supposedly,4
Suppress,1
Surgery,1
Surgically,1
Surprising,1
Suspects,1
Suspended,1
Suspension,1
Sweeps,1
Sweetheart,1
SweetSpot,2
SweetspotMonitor,96
Switch,98
Switched,1
System,115
Table,1
Tablecloth,1
Tables,4
TAHelper,2
Tails,1
Taking,8
Talked,98
Talking,96
Tamsulosin,1
Target,102
TargetGap,3
Taskbar,2
TaskView,1
Tatyana,3
TcgTarget,1
Teacher,3
Teaching,2
Technical,92
Technological,1
Technology,3
Tells,1
Template,90
Temporarily,5
Temporary,1
Tentatively,1
Terminate,3
Terminated,3
Terrible,3
Testable,9
Tested,3
Testing,112
Tests,5
Textures,1
Thank,2
Thanks,124
Their,1
Themselves,2
Theorem,1
Theory,2
Therapy,91
There,20
Therefore,2
These,1
Theses,1
Thigh,1
Things,98
Think,7
Thinking,85
Thinks,1
Thoroughly,1
Though,88
Thought,89
Thoughtful,81
Thoughts,2
Thread,80
Threads,1
Thresh,1
Threshold,97
Through,83
Throw,1
Thursday,6
Ticket,4
Tidyverse,1
Tightness,81
Timeboxing,3
Timeout,2
Times,2
Title,1
Tlpresponse,1
Toasts,1
Today,1
Together,84
Toggle,1
Tomorrow,81
Topic,2
Topics,1
Topology,1
ToRetrieve,1
Total,6
Totally,76
Tplresponse,1
Trace,2
Traced,1
Tracing,1
Trained,1
Training,77
Transduction,72
Transfer,4
Transform,1
Transition,1
Translate,3
Treated,1
Treats,1
Triangles,71
Tribal,1
Tricks,2
Tried,2
Triggered,2
Triplets,2
Tritest,70
Trojan,1
Trotter,1
Trouble,1
Troubles,1
Troubleshooting,69
Trump,1
Truncate,1
Truss,1
Trying,15
Tuesday,71
Turned,1
Turning,2
Tutorial,2
Tweaked,2
Tweaking,1
Typescript,67
Typically,1
Typing,1
TypingAid,70
TypingAid_Source_Backup,1
Unambiguously,1
Uncertain,1
Uncertainty,65
Uncomfortable,1
Unconnect,1
Undercompensation,1
Underlying,1
Understand,91
Understanding,63
Understood,2
Underwent,1
Undiluted,1
Undone,2
Unfavorable,1
Unfinished,1
Unfortunately,3
Unhealthy,1
Unhide,1
Uniform,62
Uninstall,5
Uniquely,1
Universal,2
University,3
Unless,3
Unlikely,1
Unloaded,1
Unlocking,1
Unmixing,3
Unopened,1
Unrealistic,1
Unrelated,2
Unstained,1
Unsubstantiated,1
Until,1
Unused,1
Unusual,1
Unzipping,1
Upcoming,1
Update,92
Updated,77
Updater,59
Updates,9
Updating,1
Upgrade,1
Upload,1
Uploaded,1
Upsetting,1
Upstairs,1
Upvoted,1
Upvotes,1
Urgency,1
Urgent,3
Usability,1
Useful,67
Using,1
Usually,6
Utilities,2
Vacation,62
Vaguely,1
Validation,1
Value,2
Values,69
ValueTuple,55
ValueType,1
Variable,54
Variables,1
Variance,1
Variation,4
Various,59
Vcxproj,2
Vegan,1
Verification,53
Verify,5
Verilog,1
Version,76
Versions,50
Verwer,3
Veterans,1
Viable,49
Vibration,1
Victory,2
Video,1
Videos,1
Viewer,1
Vignettes,2
Violet,48
Virtual,1
Virtually,1
Virus,2
Viruses,2
Visible,3
Visual,60
Voices,1
Voltage,52
Volumes,1
Vsspell,45
WaitTask,1
Walked,1
Walking,1
Walmart,2
Wanted,10
Warface,47
Warmup,1
Warning,2
Warnings,1
Watch,1
Watched,1
Watching,1
Webpage,2
Website,50
Websited,1
WebSocket,1
Wednesday,46
Weekend,1
Weight,2
Weighted,3
Weights,1
Welcome,1
Wellness,1
Whaddaya,1
Whatever,48
WhatToImprove,1
Whenever,3
Where,3
Whether,57
Which,1
While,1
Widths,39
Wikipedia,45
Window,52
Windowed,1
Windows,52
Windows10,41
WinForms,2
Winmerge,1
Winver,2
Wiping,1
Wireless,1
Within,1
Without,7
Wnedrenie,1
Wonder,3
Woodland,1
Woopsy,1
Wording,1
Wordpad,1
Workarounds,3
Worked,41
Workers,1
Workflows,2
Working,53
Workload,1
Workloads,2
Works,4
Worries,9
Worth,1
Worthy,3
Would,3
Wrestling,1
Write,1
Writes,1
Writing,2
Written,32
Wrote,1
Xinliu627,1
Xplain,1
Yajing,4
Yellow,2
Yesterday,1
Yogita,31
Yourself,7
Youtube,2
Yuanmu,58
ZenVita,1
Zhenia,2
Zillion,1
_AlexF,1
_delete,6
_HighThresh,1
_LowThresh,1
_NotesAboutCellData,1
_ReadMe,3
_Timeout,1
Автоматического,1
Автономных,2
Автору,1
Администрацию,2
Азимов,1
Активно,1
Активности,1
Алгоритма,1
Американских,2
Америке,2
Америки,1
Америку,1
Аналитически,1
Аналитической,1
Английском,2
Андрей,1
Андроид,3
Антипкина,1
Аппетит,1
Аргумент,1
Аргументах,1
Аргументы,2
Асенька,1
Асимптотика,5
Асимптотике,1
Асимптотику,1
Аспект,1
Баночку,1
Безнадежно,1
Белов,1
Бенжамин,1
Беседы,1
Бесконечности,2
Бесконечность,3
Беспечный,1
Бесплатно,3
Бесплатные,2
Бесплатный,1
Беспомощно,1
Бесселя,1
Бессмысленно,1
Бещают,1
Биомедик,1
Благосостояние,1
Ближайшем,1
Ближайшие,1
Ближе,1
Близкие,1
Близких,2
Богатым,2
Боевыми,1
Болеешь,1
Болтун,1
Больно,1
Большая,1
Больше,5
Большие,3
Большим,1
Большинство,1
Больших,1
Большой,1
Большом,1
Большую,1
Бомонд,1
Бороться,1
Бракосочетания,2
Братик,1
Братом,1
Браузере,1
Бросаете,1
Будешь,2
Будут,3
Будущая,1
Будущем,1
Буковских,1
Бумажки,1
Бурном,1
Буфета,1
Буховский,1
Быстрее,1
Быстро,1
Быстрый,2
Важном,1
Варианту,1
Вариация,1
Вашингтона,1
Вблизи,1
Вдвоем,1
Вдохновение,1
Вдохновлю,1
Вебсайт,1
Веганов,1
Величина,2
Величины,1
Верить,1
Вернее,1
Вернуться,1
Версия,1
Вертится,28
Веселиться,1
Вечером,1
Взгляд,1
Взглянуть,1
Видеть,1
Виджет,1
Видимо,35
Видимого,1
Видимости,1
Видимся,1
Вкладываем,1
Влияние,1
Влияютна,1
Вместе,2
Внедрение,1
Внедрить,1
Внешней,1
Внизу,1
Внимание,1
Внуков,1
Внутренней,1
Внутреннем,1
Внутрь,1
Внытрь,1
Воздух,1
Возможно,3
Возможность,1
Возмущений,1
Возрастания,1
Волноваться,1
Вообще,2
Вопрос,3
Вопроса,1
Вопросе,1
Воркшоп,1
Воронежа,1
Воспитывать,2
Воспользовался,1
Воспринять,1
Востребованным,1
Вполне,1
Впрочем,1
Врагов,1
Врача,1
Времени,1
Время,2
Всегда,1
Вспомнил,1
Встречает,1
Вступившего,1
Вступление,2
Всюду,1
Всяких,1
Вторая,1
Второй,1
Второму,1
Вторых,2
Вчетвером,1
Выбирать,2
Выборы,1
Выбрать,1
Вывод,1
Выглядит,2
Выглядят,1
Выгоды,2
Выдворить,1
Выдерживать,1
Выживание,1
Вызвала,1
Вызыал,1
Выигравшего,1
Выиграл,1
Выиграли,1
Выключать,1
Выпьем,1
Выразился,1
Высоким,1
Высоко,1
Выступление,3
Выступлений,1
Высший,1
Выучил,3
Выходить,1
Вычислять,1
Вышибала,1
Выяснил,1
Гаджет,1
Гарантированы,1
Герштейна,1
Главным,1
Гладкие,1
Гладкой,1
Глобальных,1
Глотать,1
Глупая,1
Глупостей,1
Глядя,1
Говорил,1
Говорила,1
Говорят,3
Годовой,1
Годовую,1
Годовщина,1
Голода,1
Голубой,1
Голубым,2
Горбика,1
Гордиться,1
Горько,1
Готовит,1
Графика,1
Грозится,1
Громила,1
Грубиян,1
Группа,1
Губили,1
Гуляем,1
Давайте,3
Давней,1
Давние,1
Далека,1
Далекие,1
Далеко,3
Далекой,2
Данных,26
Двенадцатилетний,4
Двенадцатилетняя,3
Движение,1
Движется,1
Движущая,1
Девочки,1
Деградации,1
Действительно,4
Действительности,1
Действовать,1
Декартов,1
Делает,3
Делается,1
Делаешь,1
Делами,1
Делать,4
Делиться,1
Делтаь,1
Делюсь,1
Деньги,2
Держались,2
Детерминизм,1
Джаред,2
Джареда,1
Диеты,1
Диктатуре,1
Димочка,4
Дипломатии,1
Дискомфорт,1
Длинно,1
Добавим,2
Добавить,3
Добавлять,1
Добавляя,1
Добавок,1
Доброй,1
Довлять,1
Доводов,1
Догадаться,1
Дойдем,1
Долгой,1
Должен,3
Должна,5
Должно,5
Должны,3
Долине,25
Доллара,1
Долларов,5
Дольше,1
Дописал,1
Дописываю,1
Дорогая,1
Дорогие,1
Дорогу,1
Дороже,1
Достижимо,1
Доступно,1
Древность,1
Дрессировать,1
Дронов,1
Другая,1
Другие,3
Другого,1
Другое,2
Другой,8
Другом,1
Друзья,1
Думаем,1
Думать,1
Думаю,2
Евгенией,1
Европу,1
Единицами,1
Единственная,1
Емайлу,1
Естественно,1
Жалко,1
Женечка,2
Жениха,1
Женскому,1
Женщина,1
Жидео,1
Жизненном,1
Жизненных,1
Жилетов,1
Забавно,1
Забавное,1
Заботах,1
Забыть,1
Завода,1
Загадочно,2
Заговоров,1
Задан,1
Задача,2
Задачу,1
Задуматься,1
Займет,1
Заказу,1
Заканчивает,1
Заключать,1
Заключения,1
Заключил,1
Заметная,1
Замечательный,1
Занимает,1
Заниматься,1
Занимаются,1
Занятие,1
Заодно,1
Запланиро,1
Запрете,1
Запуск,1
Запускать,1
Запустил,1
Зарплату,1
Заслонил,1
Застревать,1
Захочет,1
Захочу,1
Зачем,1
Защищать,1
Звезде,1
Звучит,2
Здесь,1
Здорово,2
Зейнаб,1
Знаем,1
Знаешь,3
Знаками,1
Знакомой,1
Знаменитые,1
Значит,4
Золотая,1
Зохерет,1
Играть,1
Играют,1
Избили,1
Известно,2
Известный,1
Известным,1
Извещение,1
Извините,2
Извиняюсь,1
Изложение,1
Изложили,1
Излучение,1
Излучения,2
Изменение,3
Изменению,1
Изменения,1
Изменениям,1
Изменились,1
Изменить,1
Измерялась,1
Израиле,4
Израиль,1
Израильский,1
Израильского,2
Икакого,1
Именно,3
Иметь,1
Имеют,3
Индексах,1
Индустриально,1
Инженер,1
Инженеры,1
Инициатива,1
Инночка,1
Иногда,1
Институт,1
Инструкций,2
Интеграла,1
Интеллекта,1
Интерес,3
Интереснее,1
Интересно,29
Интересное,1
Интересный,1
Интересоваться,1
Интригующее,1
Инфляции,1
Информативный,1
Информации,2
Инфракрасного,2
Ириования,1
Иронии,1
Ирочка,2
Ирочки,1
Исключительно,3
Исключительным,1
Искусственного,1
Исподволь,1
Использовать,23
Используя,1
Испытаем,1
Испытывать,2
Исследование,2
Исследований,2
Исследовать,1
Истине,1
Историка,2
Ищешь,1
Каждый,2
Кажется,1
Какие,1
Какого,3
Какое,1
Какой,1
Какую,3
Калифорнии,1
Картинка,1
Картинке,1
Картинку,3
Касается,1
Категории,1
Кафедре,1
Качественный,1
Качество,2
Квадратных,1
Квантовая,1
Квартире,1
Квартиру,2
Классная,1
Классный,2
Клеветнический,1
Клинический,1
Книгами,1
Когда,1
Кодами,1
Козела,1
Кольца,1
Кольцо,1
Комбинация,1
Комментарием,1
Комментарии,1
Компании,1
Компания,1
Комплексе,2
Комплексная,2
Комплексной,1
Компьютер,2
Компьютера,4
Компьютерную,1
Компьютером,1
Конечно,5
Конечный,1
Конкретные,1
Конкурирующая,1
Консультантов,1
Контакте,1
Контекста,1
Концах,1
Конце,1
Концентрация,1
Концу,1
Корабле,1
Коротенькое,1
Короткой,1
Косичками,1
Космическом,1
Которая,4
Которой,1
Котором,2
Которую,1
Которые,27
Который,1
Которым,1
Котротенькие,1
Коэффициентах,3
Коэффициенты,12
Краевые,1
Крайней,5
Красивым,2
Краснею,1
Краткая,1
Критика,3
Кружок,1
Кстати,22
Куличами,1
Кусочно,1
Кушнера,1
Лаптоп,1
Ласились,1
Легко,1
Лекторы,1
Лекции,3
Леночка,1
Лесабер,1
Лильмод,1
Линейного,1
Линейным,1
ЛинкедИн,2
Лиссажу,1
Литературных,1
Личный,1
Ловким,1
Лотерее,1
Лотерею,2
Лучшие,1
Любить,1
Любом,3
Любопытства,1
Людей,1
Малая,1
Маленькие,3
Маленький,2
Маленьких,1
Маленькое,3
Малых,1
Мамой,1
Мандельброта,1
Маневр,1
Маргарита,2
Маршруту,1
Массив,1
Мастера,1
Математик,2
Математиков,1
Материал,1
Машенька,1
Машине,2
Машины,1
Мебель,1
Медали,1
Международным,1
Меньше,1
Меньший,1
Месте,1
Месячный,1
Мечтах,1
Микрофон,1
Миллион,2
Миллиона,1
Минимум,1
Многие,1
Многим,1
Множество,1
Мобильника,1
Мобильных,1
Могут,2
Моему,1
Можем,1
Может,2
Можете,2
Можно,4
Молодец,1
Молодцы,2
Молодым,1
Молодыь,1
Момента,1
Моральные,1
Москве,2
Мощные,1
Мудрого,1
Мудрый,1
Музыке,1
Музыкой,1
Мучают,1
Мучила,1
Мучился,1
Мыслит,1
Мыслящий,1
Мэрибет,1
Набирать,1
Наверное,5
Наводке,1
Нагревает,1
Надеюсь,3
Надеялся,1
Надеяться,1
Наедаться,1
Назад,1
Названий,1
Называется,2
Наивный,1
Наискосок,1
Найти,1
Наконец,3
Наоборот,1
Напечатать,1
Написать,1
Наплевать,1
Напоминает,1
Напоминание,2
Направлении,1
Например,5
Народа,1
Населения,1
Насколько,1
Настоящая,2
Настоящих,3
Настоящую,1
Настроить,1
Насчет,4
Научная,1
Научную,1
Научных,1
Находят,1
Национализация,1
Начал,1
Начале,2
Начинается,2
Начинать,1
Начинают,1
Начинаюшиеся,1
Нашел,1
Небольшая,1
Небрежный,1
Невелика,1
Невестка,1
Невесты,1
Невнятно,1
Недель,1
Неделю,20
Нежность,1
Незаслоненными,1
Неинтегрируемая,1
Неисчезающем,1
Нелегко,2
Нельзя,1
Немного,7
Необычные,1
Неопределенность,1
Неопытный,1
Неплохо,2
Неправильно,1
Неприлично,1
Непричесанная,1
Несколько,5
Несогласий,1
Несправедлив,1
Нетривиальный,1
Неудобно,1
Нехватало,1
Нибудь,5
Нижеследующее,1
Никак,1
Никаких,1
Никакой,1
Никогда,4
Никуда,1
Ничего,21
Новость,18
Носить,1
Ночью,1
Ноября,2
Нравится,5
Нудгес,1
Нужно,1
Нужностей,1
Нужным,1
Нулями,1
Нынешнему,1
Обещаю,1
Обидели,1
Обижен,1
Обменялись,1
Обнаружил,1
Обнимаем,3
Обнимаю,1
Обозначенных,1
Обоймы,1
Обоих,1
Образного,1
Образом,2
Обращается,1
Обращаться,1
Обращение,1
Обручальное,1
Обсуждать,1
Общают,1
Объедятся,1
Объяснить,2
Объяснял,1
Обычно,1
Обычный,3
Обязанным,1
Оглавление,1
Оговорку,1
Огромному,1
Одежды,1
Одинаков,1
Одинаково,1
Однако,1
Одного,1
Одному,1
Одобряю,1
Оказывается,3
Окнами,1
Окончание,1
Окружности,1
Олимпиад,1
Опасаться,1
Опасность,4
Опасностях,1
Оперативной,1
Оперились,1
Оплатить,2
Определенную,1
Определил,2
Определить,1
Опять,2
Ораздо,1
Организации,1
Организация,2
Организовать,1
Организовывала,1
Оружие,1
Оружия,2
Орфографии,1
Оснований,1
Основано,1
Особенно,3
Особенным,1
Отбросьте,1
Отвертеться,1
Ответ,1
Отвечать,2
Отвращение,1
Отдает,1
Отделять,1
Отзыв,2
Отказался,1
Откомпилировать,1
Откровенных,1
Открывать,1
Открылась,1
Открыть,1
Отличаться,1
Относительно,1
Относительности,1
Относительным,1
Отношение,1
Отношения,1
Отпало,1
Отписался,1
Отправилось,1
Отправить,1
Отправляются,1
Отреагировал,1
Отрывок,1
Отсортировать,1
Отстал,1
Отсюда,3
Оттачивать,1
Отчаянии,1
Официально,1
Оформить,1
Оценил,2
Оценить,1
Очевидно,4
Очень,7
Ошибаюсь,1
Памяти,1
Памятник,1
Память,17
Папке,1
Параллель,1
Парижское,1
Парниках,1
Парниковый,2
Паскаль,1
Паскаля,2
Пашей,1
Первая,2
Первого,1
Первом,1
Первых,2
Перевести,1
Переговоры,1
Передачки,1
Передо,1
Переживать,1
Переизлучается,1
Переменная,2
Переменными,1
Перепутал,2
Переслал,1
Перестать,1
Перестроилась,1
Перешли,1
Периодиче,1
Петрова,1
Пикейных,1
Писал,1
Писать,1
Письмо,3
Питание,1
Пишешь,1
Плоскости,1
Плоскость,2
Плохая,1
Плохо,2
Победила,1
Повезло,2
Поворота,1
Поглощается,1
Подарить,1
Подарок,2
Подать,1
Подводной,1
Подготовке,1
Поддерживать,1
Подергать,1
Подозреваю,1
Подозрительно,1
Подражания,1
Подрастают,1
Подробнее,1
Подробно,1
Подруга,1
Подстраивать,1
Подталкивать,1
Подтвердить,1
Подумал,1
Подходе,2
Подходит,2
Пожалуйста,1
Пожелаем,1
Пожелаете,1
Позволяет,1
Позволяешь,1
Поздно,1
Поздравил,1
Поздравления,3
Поздравлениям,1
Поздравляю,1
Позицию,1
Познакоми,1
Познакомились,1
Позыв,1
Позывы,1
Пойдем,2
Показал,1
Полагаете,1
Полагаться,1
Полезно,1
Политике,1
Политики,3
Политику,1
Политического,1
Полный,2
Положением,1
Положительный,2
Получается,4
Получал,1
Получасе,1
Получившего,1
Получил,5
Получится,1
Пользу,1
Пользуюсь,1
Полюса,1
Полюсов,2
Полюсом,1
Поменьше,1
Помимо,1
Помнишь,1
Помню,2
Помогает,1
Помогать,2
Помогу,1
Помогут,1
Поможет,1
Помочь,2
Помощником,1
Помощь,1
Помощью,1
Понадобилось,1
Понадонится,1
Понимает,2
Понимаете,1
Понимали,1
Понравилась,1
Понравился,1
Понятия,1
Понятно,1
Попали,1
Поперек,1
Попробовать,1
Попробую,1
Попрошу,1
Популярная,1
Попытался,3
Попытаться,3
Попытка,1
Поработить,1
Поразительное,1
Поразмышлять,1
Порядка,1
Порядке,3
Поскольку,2
Послала,1
Послать,1
Последнее,2
Последние,1
Послушал,1
Послушала,2
Посмотрел,1
Посмотреть,3
Посмотри,1
Посоветуй,1
Поссорится,1
Постепенно,3
Посылаем,1
Потенциал,4
Потенциала,1
Потенциале,5
Потенциалу,1
Потенциальной,1
Потепление,1
Потеплением,1
Потихоньку,1
Потом,2
Потребовала,1
Похвалила,1
Похоже,4
Похожее,1
Почему,4
Почитай,2
Почитать,2
Почти,1
Пошел,1
Поэтому,2
Появляются,1
Пояснить,1
Правда,1
Правила,1
Правильная,2
Правильно,2
Правильный,1
Праздник,1
Празднику,1
Празнуем,1
Практические,1
Предлагал,1
Предлагаю,1
Предложение,1
Предопределю,1
Предотвратить,1
Предположить,1
Представить,1
Представь,1
Представьте,2
Предстоит,1
Предупредить,1
Предыдущее,1
Президенту,1
Прекрасного,1
Преподавать,1
Преследуешь,1
Преувеличивают,1
Преуспели,1
Приближенную,1
Приведет,1
Приверженцев,1
Привести,2
Привет,5
Приветствие,2
Привлекательным,4
Привычке,1
Приглашал,1
Приглашения,2
Придумаете,1
Придумал,1
Придумано,1
Придумать,1
Признак,1
Приличнее,1
Приложенного,1
Приложеной,2
Пример,22
Примерно,2
Примеры,3
Примите,1
Принесли,1
Приняла,1
Принято,1
Припоминаю,1
Прислала,1
Прислалл,1
Присоединяюсь,1
Приступы,1
Присутствующих,1
Присылали,1
Присылать,1
Приходят,2
Пришел,1
Пришли,2
Пришлось,1
Пришлют,2
Прищепке,1
Приятельница,1
Приятно,1
Проблему,1
Провел,1
Проводили,1
Провожу,1
Провоцирует,1
Программ,3
Программа,15
Программированием,1
Программировать,3
Программист,1
Программки,1
Программой,1
Программу,3
Программы,3
Прогресса,1
Прогулка,1
Продает,1
Продвигаться,2
Продвинется,1
Продолжают,1
Проекта,1
Проектом,1
Прозрачен,1
Прозрачны,1
Производной,2
Производные,1
Производство,1
Произошло,1
Проинспектирует,1
Проникает,1
Пропагандой,1
Пропускать,1
Пропустил,1
Проработать,1
Просила,1
Просили,1
Просите,1
Просматривать,1
Простая,1
Просто,6
Простого,2
Простое,1
Простой,2
Простым,2
Протест,1
Противники,1
Протянуть,1
Процитирую,1
Прочего,1
Прочел,2
Прочитай,1
Прочитал,1
Прочитанное,1
Прошел,1
Прошлое,1
Проэкт,1
Прямые,1
Психология,1
Публикации,1
Публикацию,1
Пустим,1
Путина,1
Пытается,2
Пытаешься,3
Пытались,1
Работает,2
Работал,1
Работать,1
Работе,3
Работу,3
Работы,1
Рабочий,1
Равноускоренное,1
Радзивиловский,3
Радоваться,1
Радуюсь,2
Разбил,1
Развитые,1
Разглядел,1
Разделяющимися,1
Раздумьям,1
Разлагается,1
Разложение,1
Размерам,1
Разминулись,2
Разного,1
Разносить,1
Разными,1
Разных,2
Разорились,1
Разочаровался,1
Разрабатывает,1
Разработать,1
Разработки,2
Разработчиком,1
Разрыв,1
Разумеется,1
Разумению,1
Разумными,1
Раньше,1
Распечатай,1
Расскажи,1
Рассказать,1
Рассматривается,1
Расставлять,1
Растянули,1
Реагируют,1
Реальная,1
Реально,1
Реальность,1
Ребекка,1
Ребенка,1
Регулярно,1
Редактирования,1
Резолюция,1
Результат,2
Резюме,2
Рекламный,1
Рекомендовал,1
Релевантно,1
Репетитором,1
Ресторан,4
Ресторане,1
Решается,1
Решений,1
Решительный,2
Решить,1
Рзаных,1
Роботов,1
Рождений,1
Романа,1
России,1
Рублей,14
Русская,1
Русски,1
Русскими,1
Русском,2
Ручной,1
Рыбка,1
Сабра,1
Самеах,1
Самодельную,1
Самое,1
Самоуправляемый,1
Сарказма,1
Свекор,1
Светит,1
Свешивающиеся,1
Своего,1
Своей,1
Своему,1
Своих,1
Связанные,1
Связаны,1
Сделал,1
Сделала,1
Сделали,2
Сделать,3
Сделки,1
Сегодня,18
Сегодняшнее,1
Сейчас,19
Секунду,1
Секций,2
Секции,1
Серебряная,1
Серьезно,2
Серьезную,1
Серьезных,1
Сессию,1
Сессия,2
Сестра,1
Сидеть,1
Сильно,5
Сильным,1
Симпатичные,14
Симпатичный,1
Систематическом,1
Систематичности,1
Скажет,1
Сказал,2
Сказали,1
Сказать,3
Склоняюсь,1
Скобках,1
Сколько,1
Скучно,1
Сладенькая,2
Следить,1
Слезах,1
Слизняков,1
Слишком,2
Сложно,2
Сложность,1
Слона,1
Служащая,2
Случае,4
Случар,1
Случилось,2
Слышал,1
Смешно,1
Смеются,1
Смеялась,1
Смогла,2
Смогли,1
Смогут,1
Сможет,2
Сможете,1
Смотреть,3
Смотря,1
Смпгла,1
Смутно,1
Смысл,3
Смысла,2
Снимает,1
Собирал,1
Собиралась,1
Собираются,1
Событие,1
Совершенно,4
Совесть,1
Советских,1
Советского,1
Советы,1
Совсем,4
Согласен,1
Соглашаться,1
Соглашение,2
Создания,1
Создатели,1
Сознания,1
Солнечной,10
Сомненья,1
Сообразил,1
Соответствии,2
Соответствовать,1
Соответствует,1
Составляет,1
Сохранить,1
Сохранять,1
Сочетание,1
Сочувствовать,1
Спадает,2
Спасибо,8
Специального,3
Списка,1
Список,1
Спорили,1
Спорить,1
Способами,1
Способным,1
Способом,1
Справедливая,3
Спросить,1
Спутник,1
Спутника,1
Сравнительно,2
Сравнить,1
Средам,1
Срочно,2
Ссуду,1
Ссылка,1
Ссылке,2
Ссылок,1
Ставки,1
Стандартному,1
Станет,1
Становится,1
Старается,1
Стараются,1
Статус,1
Статье,2
Статью,1
Статья,1
Стеклами,1
Стекло,2
Степени,1
Стоит,1
Столько,2
Стормить,1
Стороны,3
Стоять,1
Страницы,3
Страничка,2
Стратегическая,1
Стратегически,1
Страхует,1
Страшно,1
Стройные,1
Строки,1
Строку,1
Строчки,1
Субботу,1
Сударыня,2
Сударь,2
Сумела,1
Супервайзера,1
Счастья,1
Считают,1
Считая,1
Съемной,1
Сыновей,1
Такие,1
Такими,1
Такого,3
Таком,1
Танков,1
Тасует,1
Татьяна,2
Твоего,1
Твоей,1
Твоему,3
Текстом,2
Телеграмма,1
Телефон,2
Телефонов,1
Телефону,1
Тематические,1
Теории,5
Теорий,1
Теорию,1
Теория,2
Теперь,20
Теплое,1
Теракт,1
Терминологию,1
Терпению,1
Терять,1
Технического,1
Технологий,1
Течение,1
Тишине,1
Толково,1
Только,6
Тонкая,2
Точек,1
Точных,1
Трампа,1
Трампом,1
Трампу,1
Транслит,1
Тратим,1
Третьих,1
Трехмерные,1
Трещина,1
Тронут,1
Трудная,1
Трудно,2
Тюрьму,1
Тяжело,1
Тяжелое,1
Убедить,1
Убежать,1
Убыванию,1
Убывают,5
Увеличивает,1
Увеличили,1
Уверен,2
Увиденное,1
Увлекаются,1
Увлекающее,1
Углекислым,1
Удачливым,1
Удачно,1
Удивительное,1
Удобнее,1
Удобно,1
Удовольствие,1
Узнаем,1
Узнает,1
Указания,1
Укреплю,2
Улиток,1
Улыбалась,1
Умелым,6
Умничка,1
Умолчанию,1
Умудряются,1
Университете,1
Уничтожить,1
Уравнение,1
Урезать,1
Уровень,1
Уровне,1
Усилий,1
Ускоренно,1
Успеваю,1
Установили,1
Установочном,1
Устраиваться,1
Устроили,1
Уступлю,1
Утверждает,1
Уточняем,1
Уходят,1
Участвует,1
Учение,1
Ученые,2
Учетом,1
Учили,1
Учился,1
Учителем,1
Файле,1
Файнштейн,1
Фактом,1
Факультетах,1
Фантастику,1
Фатима,2
Февраля,2
Фигуры,2
Физических,1
Физического,2
Физическую,2
Фиктивная,1
Философа,1
Фильма,1
Финансовой,2
Фолдере,1
Фотографии,9
Функцией,1
Функции,10
Функция,6
Функциях,1
Фурьде,1
Фурье,5
Хаосом,1
Хвастливый,1
Хватит,1
Хвостиком,1
Хемде,1
Хлопотное,1
Ходьбы,1
Хорошая,7
Хорошее,2
Хорошем,1
Хороший,1
Хорошо,15
Хочется,2
Хочешь,5
Хромиум,1
Хромиумом,1
Ценностях,1
Цитиру,1
Цифровой,1
Частица,1
Человека,4
Человеку,2
Человечества,1
Человечество,1
Чересчур,1
Черновик,1
Черчением,1
Числами,1
Численно,1
Чистая,1
Чистом,1
Членов,1
Чтобы,1
Чувствительные,1
Чувство,1
Чувствовать,4
Чувствую,1
Шагнул,1
Шахматы,1
Швейцар,1
ШЕВАХа,1
Шестнадцатиричными,1
Широко,1
Школе,1
Штатов,1
Шуламит,2
Шутила,1
Эквивалентно,1
Экрана,1
Экспедиция,1
Эксперимент,1
Экспонента,1
Экспоненциальному,1
Электричество,1
Эличкой,1
Эммочка,1
Энергию,1
Энергия,2
Этого,1
Эффект,4
Эффекты,3
Юбилей,1
Юлиного,1
Юуанму,1
Языках,1
Яйцами,1
בהירים,1
בהצלחה,1
בחיפוש,4
בינלאומי,1
בישראל,1
הבעיות,1
הממשלה,2
הנץמה,1
הצבעים,1
הקודמות,1
השגיאות,1
השגיות,1
השתחנת,1
השתפרו,1
התקדמות,1
התרחקתי,1
כותבים,3
להתקשר,1
למשיבה,1
מינייני,1
נתניהו,1
נתקלתי,1
עישקות,1
פוליתיקאים,1
ראיתי,2
רודפים,3